<keymap version="1" name="GNOME copy" parent="Default for GNOME">
  <action id="BuildArtifact">
    <keyboard-shortcut first-keystroke="shift ctrl b" />
  </action>
  <action id="GotoTypeDeclaration">
    <mouse-shortcut keystroke="shift control button1" />
  </action>
  <action id="MoveStatementDown">
    <keyboard-shortcut first-keystroke="shift alt down" />
  </action>
  <action id="MoveStatementUp">
    <keyboard-shortcut first-keystroke="shift alt up" />
  </action>
  <action id="NextOccurence" />
  <action id="PreviousOccurence" />
</keymap>