<application>
  <component name="ParameterNameHintsSettings">
    <blacklists>
      <blacklist language="Java">
        <added pattern="com.kicas.rp.util.TextUtils.sendFormatted(sender,input,values)" />
        <added pattern="java.lang.String.equalsIgnoreCase(anotherString)" />
        <added pattern="com.minecraftheads.ArmorStandMagic.utils.Utils.setItemStackLore(stack,lore)" />
        <added pattern="*.TemplateGui.Template" />
      </blacklist>
    </blacklists>
  </component>
</application>